"omkar","mali","palaspe","panvel","maharastra","","90290642","omkar@gmail.com"
"kaushal","phutane","parel","mumbai","maharashtra","","90290642","kaushal@gmail.com"
"sumit","wagh","tilaknagar","mumbai","maharashtra","","816979161","sumit@gmail.com"
"surendra","chouhan","wadala","jodhpur","rajastan","","8181818818","surendra@gmail.com"
"nikhil","tiwari","wadala","thane","bihar","","1121221","nikhil@gmail.com"
"gaurav","purao","kohinoor","thane","tamilnadu","","82828882","gaurav@gmail.com"
"adwait","dalvi","dadar","mumbai","maharashtra","","9696858502","adwait@gmail.com"
